{"desktopweb":{"platform":"desktopweb","indexjl":"js","appName":"DXNewsletter","buildWar":"false","librarymode":"css","devicemessage":"Unknown Error Occurred <br/> Contact System Admin","deviceexception":"This device is currently not supported","webmanifest":"webmanifest","themecolor":"#000000","appleicon":"showcase48.png","enableProgressiveWeb":"true","importjsfiles":[],"javascripterrormsg":"To use this site, first enable your browser's JavaScript support and then refresh this page.","version":"1.0.0","category":"desktopweb/","bgcolor":"#ffffff","cssLazyLoad":true,"customFontsList":["FontAwesome","Inter-Light","Inter-Medium","Inter-Regular","icomoon"],"customFontsUrlList":["url('desktopweb/FontAwesome.ttf'), url('desktopweb/FontAwesome.eot')","url('desktopweb/Inter-Light.ttf'), url('desktopweb/Inter-Light.eot')","url('desktopweb/Inter-Medium.ttf'), url('desktopweb/Inter-Medium.eot')","url('desktopweb/Inter-Regular.ttf'), url('desktopweb/Inter-Regular.eot')","url('desktopweb/icomoon.ttf'), url('desktopweb/icomoon.eot')"],"fontsObj":{"FontAwesome":"url('desktopweb/FontAwesome.ttf'), url('desktopweb/FontAwesome.eot')","Inter-Light":"url('desktopweb/Inter-Light.ttf'), url('desktopweb/Inter-Light.eot')","Inter-Medium":"url('desktopweb/Inter-Medium.ttf'), url('desktopweb/Inter-Medium.eot')","Inter-Regular":"url('desktopweb/Inter-Regular.ttf'), url('desktopweb/Inter-Regular.eot')","icomoon":"url('desktopweb/icomoon.ttf'), url('desktopweb/icomoon.eot')"},"style":"width: 100%; margin: 0px; padding: 0px;","bodyalign":"left","bodyAttrs":"style = \"width: 100%; margin: 0px; padding: 0px;\"  aria-busy=\"true\" aria-live=\"polite\" aria-relevant=\"additions\" aria-atomic=\"false\"","enablexfsdw":false,"enablexfs":"false","isDebug":"true","csslist":[],"jslist":[],"enableViewportZooming":false,"webcsslist":[],"webjslist":[],"webheadertags":[],"htmlAttrs":"","ieMetaTag":"<meta http-equiv=\"X-UA-Compatble\" content=\"IE=edge\">","headPageFileName":"1480669048/desktopweb/head.html","bodyPageFileName":"1480669048/desktopweb/body.html","baseTag":"<base href= \"/apps/DXNewsletter/1480669048/\" target = \"_blank\"/>","baseLocalTag":"<base href= \"./\" target = \"_blank\"/>"},"indexPage":{"headPageFileName":"1480669048/desktopweb/head.html","bodyPageFileName":"1480669048/desktopweb/body.html","baseTag":"<base href= \"/apps/DXNewsletter/1480669048/\" target = \"_blank\"/>","ieMetaTag":"<meta http-equiv=\"X-UA-Compatble\" content=\"IE=edge\">","htmlAttrs":"","bodyAttrs":"style = \"width: 100%; margin: 0px; padding: 0px;\"  aria-busy=\"true\" aria-live=\"polite\" aria-relevant=\"additions\" aria-atomic=\"false\""},"appconfig":{"buildoption":"release","applocales":"","spa":"desktopweb","appid":"DXNewsletter","devicedblookup":"false","smsecure":"","cacheId":"1480669048","cacheUrl":"DXNewsletter/1480669048"}}